{"type":"rail","hubs":[{"p":[48.85527036322173,16.06302125707692],"n":[1,35,428]},{"p":[48.854465124875745,16.061716324902783],"n":[0,2]},{"p":[48.85365988652976,16.060411392728643],"n":[1,303]},{"p":[48.853661148575085,16.092607112223696],"n":[4,302]}],"valid":1682719200000}